<?xml version="1.0" encoding="utf-8"?>
<extension version="3.4" type="plugin" group="content">
	<name>Content - Social share buttons</name>
	<creationDate>20/02/2016</creationDate>
	<license>GPL</license>
	<version>1.0</version>
	<author>Juraj Vysvader</author>
	<copyright>Unisoftdev</copyright>
	<authorEmail>juraj.vysvader@gmail.com</authorEmail>
	<authorUrl>https://www.unisoftdev.tech/</authorUrl>
	<license>http://www.gnu.org/licenses/gpl-2.0.html GNU/GPL</license>
	<description>This plugin does not need any set up when you allow it. It will be working automatically.</description>
	<files>
                <filename plugin="socialshare">socialshare.php</filename>
                <filename>index.html</filename>
				<filename>socialshare.css</filename>
				<filename>socialshare.js</filename>
        </files>
		<config></config>
</extension>
